{
	"FF_Enter": {
		"NAME": "进入丛林",
		"DESCRIPTIONS": [
			"你面前是一片奇怪的丛林。感觉到一种 #r~邪恶~ 的存在。你转身回去，却发现你周围的树木在四面八方。#r你被丛林吞没了。",
			"丛林蜿蜒而野性，没有清晰的小径。你不确定自己在哪里，也不确定自己去过哪里；当你看向别处的时候，树就好像自己在移动。",
			"你在树林和雾中穿行。不久你就会遇到一个做同样事情的怪物。",
			"你决定在再次出发前停下来恢复体力。当薄雾和阴影移动时，你逐渐意识到附近有另一些生物也在休息。",
			"你停下来透过浓雾凝视着你周围的树考虑一下情况。在你就快要想出结果的时候，一些生物已经包围了你-它们就要靠近了。"
		],
		"OPTIONS": [
			"[继续]",
			"[前进] #r遭遇一个脾气不好的生物。",
			"[停下并休息] #r遭遇一个慵懒的生物。",
			"[分析状况] #r遭遇一个无情的生物。",
			"[战斗!]"
		]
	},
	"FF_Serpent": {
		"NAME": "假蛇～",
		"DESCRIPTIONS": [
			"你在丛林深处发现了一个大洞。当你靠近洞时，一个熟悉的蛇形生物在你面前出现。 NL NL ~\"~嚯嚯嚯！你好，你好啊！这是谁呀？~ 哎呀呀，你好冒险者，我就问一个简单的问题。 NL 最幸福的人生当然就是 #y~什么东西都能拥有~ 的完满生活了！　 NL 你同意吗？”",
			"~“对～！~ NL ~这会很值～得的。~ NL ~嘶……嘶～嘶……”~",
			"蛇沉默了一段时间。在没有任何提醒的情况下，它突然以令人眼花缭乱的速度冲向你——在就快要撞到脸上时，变成无害的雾气。",
			"蛇咧嘴一笑，把头抬起来。它还没做仍和事情便变成雾气消散了——但留下了一个奖励。"
		],
		"OPTIONS": [
			"[同意] #g获得一个随机遗物效果 。 #r在你的抽牌堆加入一张疑虑。",
			"[否定]",
			"[继续]",
			"[离开]"
		]
	},
	"FF_Scrap Ooze": {
		"NAME": "假破烂软泥",
		"DESCRIPTIONS": [
			"当你穿过树林时，就听见奇怪的 ~咕嘟声~ 和金属的 @摩擦声@ 。在你面前的是一个史莱姆状的生物。 里面漂浮着许多奇怪的东西。你可以在中心看到 #y宝藏 ……但是你的出现已经让黏液感到不适了。",
			"你设法抓住那件 #y遗物 并把它拉出来。在那段时间，你的衣服上沾染了不少粘液。"
		],
		"OPTIONS": [
			"[伸手进去] #g获得一个随机遗物效果 。 #r在你的手牌中加入3张粘液。",
			"[离开]"
		]
	},
	"FF_Big Fish": {
		"NAME": "假大鱼",
		"DESCRIPTIONS": [
			"当你穿过丛林时，你看见空中 ~漂浮~ 着 #y一根香蕉 ， #y一个甜甜圈 ， 和 #y一个盒子 。你以前好像记得这样的事，但是仔细观察发现并没有用绳子系着。 NL 你会怎么做?",
			"你吃下了 #y香蕉，它很有营养，似乎还有些 #b魔法 ，回复了你的生命。 NL 其他物体变成雾气消失了。",
			"你吃下了 #y甜甜圈 ，真是太好吃了！你的敏捷增加了。 NL 其他物体变成雾气消失了。",
			"你抓住了盒子，在里面找到了一个 #y遗物 ！ NL 可是， 最可口的食物-在你能抓住他们前他变成雾气消失了…… NL 你的心中充满了 ~悲伤~ ，尤其是一份 #r悔恨 ……"
		],
		"OPTIONS": [
			"[香蕉] #g回复 #g",
			" #g生命 。",
			"[甜甜圈] #g获得 #g",
			" 点 #y敏捷 。",
			"[盒子] #g获得一个随机遗物效果 。 #r在你的抽牌堆加入悔恨。",
			"[离开]"
		]
	},
	"FF_Will-o-Wisp": {
		"NAME": "希望或光芒",
		"DESCRIPTIONS": [
			"一道浮动的光从雾中冒出来，诡异地在附近盘旋。一个鬼魂，或者一个精灵？——总之是一束什么。",
			"精灵的火光温暖是如此的舒适。",
			"你跟着游荡的光走了一段时间，深入丛林。当你走着的时候，你感觉好像把你的忧虑抛在了脑后。",
			"那束光突然爆炸成一团巨大的火焰并发出刺眼的亮光。当你的视力恢复时，只见留下了一件遗物。"
		],
		"OPTIONS": [
			"[触摸] #g回复 #g",
			" #g生命。",
			"[跟随] #g消耗任意一张非诅咒牌 。",
			"[打击] #g获得一个随机遗物效果 。 #r在你的抽牌堆加入一张灼烧+ 。",
			"[离开]"
		]
	},
	"FF_Drug Dealer": {
		"NAME": "假增益研究者",
		"DESCRIPTIONS": [
			"一个熟悉的面庞从迷雾中出现。 NL \"嘿陌生人，想不想试试高端的科技？它会给你想要的力量。 如果你想穿过这个地方，你就需要它。 NL 你说怎么样？ 想不想试一下？\" NL ",
			"~\"太好了。\"~ NL 男人递给你一个看起来很危险的装着 #b~发光液体~ 的针筒， 自己又鬼鬼祟祟地走进走进了丛林的迷雾之中。",
			"\"你应该知道，这是个不明智的选择……\" NL 当他自己在你面前消失时，他的声音逐渐消逝了。"
		],
		"OPTIONS": [
			"[接受] #r失去 #r",
			" #r生命: #g获得 #g",
			" #y力量。",
			"[离开]",
			"[谢绝]"
		]
	},
	"FF_Golden Idol": {
		"NAME": "假金神像",
		"DESCRIPTIONS": [
			"在一个不引人注意的小高台上，你发现了一个 #y闪闪发光的金神像 安然放置在上面。你被获得这个目标的欲望所征服。 你 @必须@ 得到它! NL 你对周围的环境视而不见，继续向前走……",
			"当你碰到神像的时候, 它在你手中变成雾。 当你恢复知觉时，一块巨大的石头从雾中逐渐显现，被某种看不见的力量推向你。。",
			"@快跑!@ NL 巨石似乎有自己的想法， 改变方向，跟随你穿过丛林。 NL 最后，你身后的隆隆声停止了。转过身去，你看不到那块巨石曾经存在过的痕迹。不幸的是，你在逃跑时好像扭伤了什么东西。",
			"你把所有的东西都扔到巨石上了。你一击中它，它就蒸发了。但是一股强大的力量把你推回，把你撞到附近的一棵树上。",
			"巨石跟随你，每一个转弯都死死地跟着。就在你认为它跟丢了你的时候，它撞到了一排树上。 NL @哇!@ 一棵倒下的树落在你身上，留下许多瘀伤和碎片。 当你站起来时，那块巨石已经找不到了。",
		],
		"OPTIONS": [
			"[继续]",
			"[逃跑] #r在你的抽牌堆增加 #r",
			" #r张伤口。",
			"[击碎] #r受到 #r",
			" #r点伤害。",
			"[躲藏] #r受到 #r",
			" #r点伤害。获得 #r",
			" #r层易伤。"
		]
	},
	"FF_Mushrooms": {
		"NAME": "假蘑菇房",
		"DESCRIPTIONS": [
			"你进入了树中的一个空洞洞。 在里面是一片充满了 #b~迷惑颜色的蘑菇~ 。 NL 你觉得它们~不属于这个世界……~ 即便如此, 你却无意识的吃下了 #b~蘑菇……~",
			"当你碰到神像的时候, 它在你手中变成雾。 当你恢复知觉时，一块巨大的石头从雾中逐渐显现，被某种看不见的力量推向你。。",
			"@快跑!@ NL 巨石似乎有自己的想法， 改变方向，跟随你穿过丛林。 NL 最后，你身后的隆隆声停止了。转过身去，你看不到那块巨石曾经存在过的痕迹。不幸的是，你在逃跑时好像扭伤了什么东西。",
			"你把所有的东西都扔到巨石上了。你一击中它，它就蒸发了。但是一股强大的力量把你推回，把你撞到附近的一棵树上。",
			"巨石跟随你，每一个转弯都死死地跟着。就在你认为它跟丢了你的时候，它撞到了一排树上。 NL @哇!@ 一棵倒下的树落在你身上，留下许多瘀伤和碎片。 当你站起来时，那块巨石已经找不到了。",
		],
		"OPTIONS": [
			"[继续]",
			"[踩扁] #r激怒蘑菇们。",
			"[吃下] #r受到 #r",
			" #r点伤害。 #r",
			"%: #r在你的弃牌堆增加 #r传染。",
			"[奔跑] #r在弃牌堆增加 #r",
			" #r张随机孢子。"
		]
	},
	"FF_SensoryStone": {
		"NAME": "假立方体",
		"DESCRIPTIONS": [
			"随着你深入灌木丛， 你发现一根 #b发光的苔丝 在空中轻轻地 @旋转@ 和 ~移动~ ",
			"你触摸它. NL NL 一阵 #r@剧痛@ 从你身上流过，接着是一段遥远记忆的生动闪现。 NL …这些是谁的记忆？?",
			"#r~恐惧。~ NL NL 一个恶魔般的生物耸立在你上方，它的双翅张开，放声大笑。你的周围是数不尽的同族们的尸体，整个村庄已被可怕的 #p~黑色火焰~ 吞没殆尽。 NL NL 恶魔嘲笑着你： NL NL “ #r@这下你确实成为最强的了！@ #r@哈哈哈……呵呵呵……@ #r@哈哈哈哈哈！！@ ” NL NL 它的笑声没有停止，永远回荡在你的耳中……",
			"#g~凯旋。~ NL NL 月光之下，一具 #p~幽灵般生物~ 的遗骸慢慢没入了你面前的泥土中，让人看不真切。你已向姐妹们证明了自己的实力。 NL NL 你以胜者的姿态静静伫立着，周围的人们隆重地将 #y那个生物的头骨 放置在你的头上，仪式完成了。 NL NL 你向着一座高塔出发……",
			"#b~混乱。~ NL NL #y[目标] #g必须维系 #g平衡 NL #y[定义] #g平衡 NL #y[错误] #g无法检索到 #g平衡 NL #y[定义] #g平衡 NL #y[错误] #g无法检索到 #g平衡 NL #y[警告] #r巨大物体正在靠近 NL NL ~“我…~ ~…是…~ ~…涅奥………”~"
		],
		"OPTIONS": [
			"[回忆] #g在你的手牌冲加入1张无色牌，受到",
			"[回忆] #g在你的手牌冲加入2张无色牌，受到",
			"[回忆] #g在你的手牌冲加入3张无色牌，受到",
			" #r伤害 #r",
			" #r次。",
			"[离开]",
			"[交互]"
		]
	},
	"FF_Vampires": {
		"NAME": "假吸血鬼",
		"DESCRIPTIONS": [
			"你在丛林中的行程被许多戴着头巾的人打断了，他们从你周围的树上爬出来。 其中个子最高的一个微微一笑，露出了长长的尖牙。向你伸出了一只苍白而瘦长的手。 NL ~\"加入我们，兄弟。一起来感受丛林的温暖吧。\"~ NL 他们看起来不像打算攻击你，但他们也不会接受否定的回答……",
			"你在丛林中的行程被许多戴着头巾的人打断了，他们从你周围的树上爬出来。 其中个子最高的一个微微一笑，露出了长长的尖牙。向你伸出了一只苍白而瘦长的手。 NL ~\"加入我们，姐妹。一起来感受丛林的温暖吧。\"~ NL 他们看起来不像打算攻击你，但他们也不会接受否定的回答……",
			"你在丛林中的行程被许多戴着头巾的人打断了，他们从你周围的树上爬出来。 其中个子最高的一个微微一笑，露出了长长的尖牙。向你伸出了一只苍白而瘦长的手。 NL ~\"加入我们，流浪人。一起来感受丛林的温暖吧。\"~ NL 他们看起来不像打算攻击你，但他们也不会接受否定的回答……",
			"高个男人抓住你的手臂将你拉了过去，他的尖牙咬进你的脖子，你感觉到一股 #r@黑暗的力量@ 涌入你的脖子，在你的全身 @流淌@ 。 戴着头巾的人物一个接一个地变成了薄雾，消失了。 NL 你感觉到腹中传来一阵强烈的 ~饥渴~ 。 你 #r必须进食……",
			"你决定为自己的出路而战。任何被你攻击的敌人都会蒸发，但他们中的无数人会继续从树上冒出来。 NL 你逃跑着。战斗着。你受到了伤害。你眼。最终他们离开了。"
		],
		"OPTIONS": [
			"[接受] #g消耗所有的打击，获得5张噬咬。 #r失去 #r",
			" #r生命。",
			"[突围] #r受到 #r",
			" #r伤害。",
			"[继续]"
		]
	},
	"FF_Headache": {
		"NAME": "头疼",
		"DESCRIPTIONS": [
			"当你穿过一棵又一棵树时，你的思绪变得混乱。 你的头开始变得 @沉重@ 。 NL 不一会，这股疼痛变得 #r难以忍受起来 。",
			"你无视了疼痛，然后继续前进。但这样做会占用了你很大的力量。",
			"你闭上眼睛。你开始关注你的思想，你的心跳，你自己。 疼痛减轻了一点——但你已经忘记了周围的危险。",
			"你试图让自己从痛苦中分心，从环绕你的令人不安的丛林中分心。疼痛很快就消失了，大部分。"
		],
		"OPTIONS": [
			"[无视] #r获得 #r",
			" #r层虚弱。",
			"[集中] #r获得 #r",
			" #r层脆弱。",
			"[分心] #r在你的弃牌堆增加 #r",
			" #r张眩晕。",
			"[离开]"
		]
	},
	"FF_Curse": {
		"NAME": "假活墙壁",
		"DESCRIPTIONS": [
			"你周围的树突然移动，形成一堵墙把你困在一个地方。 #b~闪亮的符文突然在牢笼的侧面出现。~ 你从它们里面看到了 ~魔法~ 和 ~力量~ ……",
			"你感觉到一股邪恶的魔法涌进你的身体。 NL 树木分开了，你很快就出来了。"
		],
		"OPTIONS": [
			"[蓝色符文] #r被邪咒。",
			"[绿色符文] #r被混乱。",
			"[红色符文] #r被缓慢。",
			"[离开]"
		]
	},
	"FF_Fork": {
		"NAME": "岔路",
		"DESCRIPTIONS": [
			"你在穿过树林的小路上遇到一个岔口。除了来自每个选项的声音，每个选项都是相同的。",
			"这条路很快变得潮湿泥泞。不久，你就被活的史莱姆伏击了！",
			"当你走路的时候，你可以听到一些东西在动。丛林里的生物露出了尖牙！",
			"你听到了沉默的声音和格伦坡什的低语。很快，一个地精小队出现在你面前！",
		],
		"OPTIONS": [
			"[晃荡] #r与史莱姆战斗 。",
			"[咆哮] #r与真菌兽战斗 。",
			"[窃笑] #r与地精战斗。",
			"[战斗]"
		]
	},
	"FF_Fork2": {
		"NAME": "两条小路",
		"DESCRIPTIONS": [
			"漫无目的地徘徊，你会发现前方有两条清晰的小路。一个像是被火烧开的，另一个像是脚印。",
			"你走在冒烟的道路上。你周围起火的原因很快就清楚了：这条路线是由一台机械烧开的！",
			"那些在你之前来的人可能会知道这里的出路。你跟着脚印走。NL 不幸的是，你找到的不是出口，而是敌人！",
			"为了避免任何麻烦，你在树上穿梭，没有走任何一条路。当然，你的希望是徒劳的:你很快就会面对新的威胁！",
		],
		"OPTIONS": [
			"[沿着烧焦的路走] #r与某种机械战斗。",
			"[沿着脚印走] #r与某个人类战斗。",
			"[避免两者] #r与某个未知的敌人战斗。",
			"[战斗]"
		]
	},
	"FF_Ravine": {
		"NAME": "峡谷",
		"DESCRIPTIONS": [
			"峡谷挡住了你的路。回头看，你发现你身后也是如此。 NL 两边都是锋利的岩石，攀登很可能会受伤。 你也许能跳过去，但似乎很远……",
			"你爬得很小心，但是参差不齐的岩石和陡峭的斜坡仍然会给你带来伤害。",
			"带着优雅和一点点的惊慌，你毫发无伤地跳过了鸿沟。",
			"你飞跃到空中并最终跳到峡谷的底部。你还得得爬回去——更糟糕的是，你好像摔坏了什么东西。"
		],
		"OPTIONS": [
			"[攀爬] #r受到 #r",
			" #r伤害。",
			"[跳跃] #r",
			"%: #r受到 #r",
			" #r伤害并获得1张伤口。",
			"[继续]"
		]
	},
	"FF_Finale": {
		"NAME": "丛林消逝",
		"DESCRIPTIONS": [
			"你周围盘旋的雾气开始减弱；威胁逐渐消逝为现实。很快丛林自己就消失了。你回到熟悉的地方。 NL 你在最终丛林的严酷考验中幸存了下来。"
		],
		"OPTIONS": [
			"[继续]"
		]
	}
}