{
  "Captain Abe": {
    "MOVES": [
      "崩溃",
      "船长号令",
      "龙骨拖",
      "洗劫一空",
      "最后一招",
      "地狱之下"
    ],
    "NAME": "艾比船长",
    "DIALOG": [
      "@设定航向！@",
      "@测定风速！@",
      "@选定目的@ NL @全体就位！@",
      "@扬帆!启航!!@",
      "死吧，旱鸭子！",
      "全员集合!",
      "啊啊啊!给我拿下他！",
      "~嗯？~ NL ~什么？~",
      "艾比船长 NL 再度启航！",
      "不要想着完好无损的 NL 通过 ~艾比船长~ NL 这一关！",
      "~我还没死呢！~",
      "……等会。我已经死过了。",
      "~啊啊啊！~ NL 快跑吧旱鸭子，不然就等着 NL @被@ @永远@ #r@诅咒吧!@"
    ]
  },
  "Pondfish": {
    "MOVES": [
      "拖入地狱",
      "活体灯笼",
      "齿耙",
      "送葬",
      "飞溅"
    ],
    "NAME": "鮟鱇鱼",
    "DIALOG": [
      "……",
      "o- >:["
    ]
  },
  "FadingForestBoss": {
    "MOVES": [
		"欢迎……",
		"丛林指南",
		"丛林复苏",
		"丛林保护",
		"丛林消逝"
	],
    "NAME": "寓言编织者",
    "DIALOG": [
		"过来，过来！ NL 我有一个很棒的故事要跟你讲。",
		"欢迎，亲爱的。 NL 你有时间听一个老女人的故事吗？",
		"哦，我真的很喜欢伙伴！你想听个故事吗？",
		"你好，流浪者。我有一个我想你会喜欢的故事。想听听吗？",
		"一切都始于一片神秘的丛林……",
		"从前，在一个神奇的丛林里……",
		"很久以前，一个冒险家在丛林里迷路了……",
		"他们说，在高塔的某个地方，生长着一片奇怪的丛林。……",
		"在丛林里，人们可以找到各种各样的 ~奇特的~ ~美妙的~ ~事物……~",
		"在丛林里，人们可以找到各种各样的 ~奇特的~ ~恐怖的~ ~事物……~",
		"但是丛林留着它是一个 ~可怕的诅咒……~",
		"丛林里的生物很熟悉，但又很 ~奇怪……~",
		"在这样的地方，从来没有一个人孤单过……",
		"丛林里有许多生物，每一个看起来都 ~不太正常……~",
		"谢谢你的倾听。大多数人在故事结束前就离开了。",
		"你是个好心的冒险家。还是一个很好的倾听者！",
		"谢谢你陪我。希望你喜欢这个故事。",
		"谢谢你给我带来的幽默。我喜欢讲故事！",
		"随时欢迎回来，亲爱的。我还有很多故事要讲！",
		"有空再来，我给你讲一个新故事。"
	]
  },
  "Replay:Hell Engine": {
    "MOVES": [
		"现在离开",
		"热煤",
		"门正关闭",
		"失控列车",
		"建筑用钢"
    ],
    "NAME": "地狱引擎",
    "DIALOG": [
		""
    ]
  },
  "Replay:Conductor": {
    "MOVES": [
		"终点站：无",
		"请保持坐姿",
		"补充炸药",
		"铁路炮手",
		"货舱",
		"补充燃料"
    ],
    "NAME": "售票员",
    "DIALOG": [
		"我日你先人"
    ]
  },
  "Replay:ConductorBomb": {
    "MOVES": [
		""
    ],
    "NAME": "炸药",
    "DIALOG": [
		""
    ]
  },
  "Replay:GhostMerchant": {
    "MOVES": [
		""
    ],
    "NAME": "幽灵商人",
    "DIALOG": [
		"~还回来……~",
		"@……@",
		"~那是我的……~"
    ]
  },
  "FF_ComboSlime_L": {
    "MOVES": [
      "粘液喷射",
      "分裂",
      "舔舔"
    ],
    "NAME": "假史莱姆小队 （小）",
    "DIALOG": [
      ""
    ]
  },
  "J_louse_1": {
    "MOVES": [
      "成长"
    ],
    "NAME": "埃里克",
    "DIALOG": [
      ""
    ]
  },
  "J_louse_2": {
    "MOVES": [
      "Spit"
    ],
    "NAME": "俞",
    "DIALOG": [
      ""
    ]
  },
  "J_louse_3": {
    "MOVES": [
      "嘲讽",
	  "哭泣"
    ],
    "NAME": "普罗",
    "DIALOG": [
      ""
    ]
  },
  "J_louse_4": {
    "MOVES": [
      "潜行",
	  "哭泣"
    ],
    "NAME": "无趣的杰尔",
    "DIALOG": [
      ""
    ]
  },
  "R_Hoarder": {
    "MOVES": [
      "溢出",
	  "遗物收藏家"
    ],
    "NAME": "囤积癖狂想曲",
    "DIALOG": [
      "喔, 你的抽牌堆看起来好薄！",
	  "让我们把它整厚点如何， 比如说 ",
	  " 张牌怎么样？"
    ]
  },
  "Replay:Snechameleon": {
    "MOVES": [
      "麻痹瞪视",
	  "抓握",
	  "蛇花"
    ],
    "NAME": "变色异蛇",
    "DIALOG": [
		""
    ]
  },
  "ReplayMimic": {
    "MOVES": [
      "合盖",
      "刀刃拟态",
      "疯狂模仿",
      "砰！"
    ],
    "NAME": "拟身怪",
    "DIALOG": [
      "居然毫无防备！"
    ]
  },
  "GremlinCook": {
    "MOVES": [
      "招待",
      "煮糊"
    ],
    "NAME": "地精厨师",
    "DIALOG": [
      "",
      "请过来吃吧！",
      "呀！"
    ]
  }
}