{
  "Brew Option": {
    "TEXT": [
		"炼制",
		"炼制 2 瓶随机药水。",
		"炼制 1 瓶随机药水。无视添水。"
	]
  },
  "Mine Option": {
    "TEXT": [
		"开采",
		"获得 50-100 金币。"
	]
  },
  "Polymerize Option": {
    "TEXT": [
		"聚合",
		"变化一张牌。",
		"选择一张牌来变化。",
		" 自由行动。"
	]
  },
  "Multitask Option": {
    "TEXT": [
		"小憩",
		"随机升级一张牌。 回复你最大生命的20%（",
		" 生命）。"
	]
  },
  "Prepare Option": {
    "TEXT": [
		"筹备",
		"下场战斗开始获得2点力量和敏捷。"
	]
  },
  "Explore Option": {
    "TEXT": [
		"探索",
		"遭遇一个随机事件。"
	]
  },
  "Burn Branch Option": {
    "TEXT": [
		"点燃",
		"失去枯木树枝。获得一个特别的遗物。自由行动。"
	]
  },
  "Re-Bottle Option": {
    "TEXT": [
		"重瓶装 （",
		"）",
		"重新选择一个瓶装遗物被瓶装的牌。",
		"自由行动。",
		"投球",
		"随机变换棒球的目标。"
	]
  },
  "Claw Rake": {
    "TEXT": [
		"选择一张牌丢弃。",
		"选择牌丢弃。"
	]
  },
  "ReduceCostToForTurnAction": {
    "TEXT": [
      "降低费用"
    ]
  },
  "PlannedCardIntent": {
    "TEXT": [
      "意图: 状态",
	  " 意图给予你 ",
	  " 。"
    ]
  },
  "Replay:BombIntent": {
    "TEXT": [
      "意图: 爆炸",
	  "如果在 #b3 回合内没有摧毁这名敌人，他将投掷一个造成 #b",
	  " 点伤害的炸弹。"
    ]
  }
}