{
  "Stuck": {
	"NAME": "卡住了",
    "DESCRIPTIONS": [
			"当你爬过一些碎石时，你的腿被一些石头卡住了。",
			"你该怎么办？",
			"希望没人看到你这样！",
			"尊严比时间更重要。"
	],
    "OPTIONS": [
			"[继续]",
			"[脱裤子] #r失去 ",
			"[猛拉] #g升级 ",
			"[锁定] 需要: 未升级的牌",
			"[离开]"
    ]
  },
  "ReplayTeleport": {
	"NAME": "传送门",
    "DESCRIPTIONS": [
			"空间本身在你眼前扭曲和旋转！"
	],
    "OPTIONS": [
			"[进入传送门]"
    ]
  },
  "Mirror Mist": {
	"NAME": "镜像迷雾",
	"DESCRIPTIONS": [
		"在雾中你看到自己扭曲的倒影。当漩涡般的色彩环绕着你的时候，你努力保持你自己的意识。",
		"你短暂地想起了被遗忘了的记忆，但它们属于你以外的人。雾散去了，只留下了迷茫的你。",
		"你觉得自己好像有些记忆被遗忘了，但你却无法想起来。当雾散去时，这种感觉很快就被遗忘了。"
	],
	"OPTIONS": [
		"[锁定] 需要: ",
		"。",
		"[失去 ",
		"] #g获得 #g生存者 #g和 #g中和.",
		"] #g获得 #g燃烧之血。",
		"[漫步] 变化并升级随机一张牌",
		"[离开]",
		"] #g获得 #g嘶鸣之血 。",
		"] #g获得 ",
		" 和 ",
		"[搜寻] #g获得 ",
		" #g金币 。 #r",
		"%: #被诅咒 #r- #r",
		"[冥想] #g回复满血 。 #r被诅咒 #r- #r",
		"[凝视] #g",
		"%: #g获得一个遗物 。 #r"
	]
  },
  "Trapped Chest": {
	"NAME": "陷阱宝箱",
	"DESCRIPTIONS": [
		"你发现一个上锁的箱子。好像有点不对劲……",
		"当你打开箱子，飞镖突然朝你飞去！",
		"钥匙在没有触发陷阱的情况下打开了宝箱。",
		"尽管你尽了最大的努力，没让它将你就地解决。但现在至少箱子没上锁了！",
		"你设法躲过了飞镖，当然只是一部分。",
		"箱子里有藏品!"
	],
	"OPTIONS": [
		"[撬锁] #g获得随机奖励 。 #r触发一个陷阱 。",
		"[使用诅咒钥匙] #g获得随机奖励 。 #r获得随机诅咒 。",
		"[锁定] 需要: 诅咒钥匙。",
		"[离开]",
		"[忍耐] #r被诅咒 #r- #r",
		"[格挡] #r受到 #r",
		" 点 #r伤害 。",
		"[闪避] #r",
		"%: #r受到 #r",
		"[打开宝箱]",
		"[锁定] 需要: 套娃 。",
		"[锁定] 没有剩余的 套娃 。",
		"[使用套娃] #g获得双倍奖励 。"
	]
  },
  "Chaos Ring Event": {
	"NAME": "枯骨戒指",
	"DESCRIPTIONS": [
		"当你经过一具骨架时，你注意到它的双手都戴着一个 #r红色的戒指 。你会感觉到它们散发出某种 ~#r混乱的能量~ ；仅仅只是看一眼，你的头就会开始猛撞。",
		"没有什么比从在死人身上偷走诅咒戒指以外更绝妙的想法了。"
	],
	"OPTIONS": [
		"[左手] #g获得一个遗物。 #r50%: #r被诅咒 - ",
		"[右手] #g获得一个遗物。 #r50%: #r被诅咒 - ",
		"[双手] #g获得两个遗物。 #r75%: #r被诅咒 #r(random)",
		"[离开]"
	]
  },
  "ReplayMapScout": {
	"NAME": "地图侦察兵",
	"DESCRIPTIONS": [
		"一个眼神狂野的年轻人走近你，喋喋不休地谈论着高塔的危险。 NL \"前方有超乎想象的怪物！ ~啊，但是我~ ， @我知道这个地方!@ 我见识过了这些 #r~危险~ 存在的地方，以及如何避免它们！你有兴趣，是吗？\"",
		"他似乎知道如何避免某些威胁，并且愿意分享他的知识——总之，他只需要一点点黄金。",
		"你决定最好还是继续前进。",
		"这个人急切地告诉你你想知道什么，还有很多你不在乎的额外事情。NL 你可以根据这些新信息调整您的路线到下一阶段。",
		"你告诉他你不需要回避危险，并让他把你引向他所知道的最强大的力量。那人变得异常沉默了一会儿，脸上绽放出灿烂的笑容。 NL NL #r~\"……~ #r~你确定?\"~",
		"那个人突然大笑起来，然后递给你一张褪色的血色地图，上面有一个位置标记。你不知道你会面对什么，但你很快就会知道了。"
	],
	"OPTIONS": [
		"[锁定] 需要： ",
		" 金币",
		"[失去 ",
		"] 你在下一个阶段不会遭遇 #y觉醒者 。",
		"] 你在下一个阶段不会遭遇 #y八体和甜圈 。",
		"] 你在下一个阶段不会遭遇 #y时间吞噬者 。",
		"[无视]",
		"[离开]",
		"[挑战命运] 你在下一个阶段将遭遇 #y某种恐怖的东西。",
		"#r是的",
		"#g不是",
		"[继续]"
	]
  },
  "Grembo": {
	"NAME": "伟大的格伦坡",
	"DESCRIPTIONS": [
		"一个小地精挥舞着一把小剑向你走来。 NL \"站住! 是我， #y@伟大的格伦坡\"@ NL 这种生物似乎认为自己比实际更具威胁性。",
		"这个地精说到。 NL \"格伦坡已经看了你的战斗。格伦坡也喜欢战斗! 格伦坡会让你 #g更加强大 ， 只要你能给点 #y亮闪闪的东西!\" NL 他看起来很值得信赖，即使有点妄想。",
		"\"足额付款！ #y格伦坡 的传奇力量是你的了!\" NL 正如他所说，一小部分小地精从阴影中出现。 你好像交了些朋友。",
		"\"好吧。格伦坡不在乎！格伦坡还有其他更强壮的战士可以把他的剑借给他！\" NL 他不善于掩饰自己的失望。消失在城市的阴影中。"
	],
	"OPTIONS": [
		"[继续]",
		"[锁定] 需要: ",
		"[失去 ",
		" 金币",
		"] #y加入伟大的地精帮派 。",
		"[婉拒]"
	]
  },
  "Tinkerer": {
	"NAME": "修补匠",
	"DESCRIPTIONS": [
		"一个头发凌乱，眼睛狂野的男人藏在护目镜后面，从小巷中出现。 NL \" @欢迎!@ 我被人称为 #y修补匠 。 我可以看看你的装备吗?\"",
		"修理工将提供的物品报废，用这些碎片来改进你的其他一些设备。他似乎很喜欢这项任务。",
		"这个人制造了许多工具并开始工作。 NL ",
		"这个人兴高采烈地拿走了提供的物品，开始把它拉出来，重新排列它的内部。 NL ",
		"在一阵急促的运动中，这人抓住物体并调整它的各个组成部分。 NL ",
		"过了一段时间，他骄傲地向你介绍了他的工作成果。",
		"当他把设备还给你时，你几乎认不出来。",
		"最后，他返回了他即将结束的话题，兴奋地告诉你他添加的新特性和改进。",
		"在突然发生的光和火爆炸中，物体被摧毁。在恐慌的状态下，这个人对自己的失败给予了极大的评价。",
		"当你把设备拿回来时，它只不过是一堆无用的零件。那个人似乎忘记了这个事实。"
	],
	"OPTIONS": [
		"[离开]",
		"[锁定] 需要: ???",
		"[锁定] 需要: 已升级的牌。",
		"[失去已升级的牌] #g升级 #g",
		" #g张牌.",
		"[失去 ",
		"] #g",
		"% #g获得 ",
		"[使用]",
		"移除一张牌，",
		"升级两张牌。"
	]
  },
  "ReplayTheSpireMod:TheMausoleumExtra": {
	"NAME": "陵墓",
	"DESCRIPTIONS": [
		"你推开石棺，一股 #p~黑雾~ 涌了出来，淹没了整个房间！ 石棺里没有尸体，只有一件 #y~遗物~ 。你拾起它重新上路， 并 #r@剧烈地咳嗽起来@ 。",
		"你推开石棺，雾气很快消散了。 在石棺里你找到了一具荣誉满身的士兵尸体，尸体的手还紧紧握着一件 #y遗物 ，你把东西偷了过来，离开了房间。"
	],
	"OPTIONS": [
		"[打开棺材] #g获得一件遗物。 #r",
		"%: #r被诅咒— #r(Random).",
	]
  },
  "ReplayTheSpireMod:TheJoustExtra": {
	"NAME": "长枪决斗",
	"DESCRIPTIONS": [
		"一直跟着你的幽灵激动的冲向了骑士。 NL #y@\"面条!!\"@ NL 骑士很高兴与他的宠物团聚，即使它现在已经变成了幽灵。 他高兴得流下眼泪，给了你一个回报，把他们带回来。 NL NL 另一个骑士悄悄地... 离开了。"
	],
	"OPTIONS": [
		"[锁定] 需要: 宠物幽灵。",
		"[失去宠物幽灵] #g获得 #g",
		" #g金币 。 #g选择获得一张随机稀有度的牌。"
	]
  },
  "ReplayTheSpireMod:DesignerExtra": {
	"NAME": "“尖端”设计师",
	"DESCRIPTIONS": [
		"这太愚蠢了。"
	],
	"OPTIONS": [
		"[接吻] #g",
		"[停止]",
		"[继续] #g",
		"[激情] #g",
		"[欲望] #g",
		"%: #g获得一张随机卡牌",
		"%: #r从 3 张诅咒中选 1 张并获得。",
		"#r失去 #r",
		" #r点生命 。"
	]
  },
  "ReplayTheSpireMod:DanceKnight": {
	"NAME": "骑士的试练",
	"DESCRIPTIONS": [
		"一位高大的 #b骑士 挡住了你的去路。 NL @\"立定!@ 只有那些 #y证明了他们的价值 的人 才能通过这里!\"",
		"\"所以就这样! 打败我的 #b优雅的动作 ， 我就让你通过!\"",
		"你不是 #b骑士 的对手。 NL \" #r拙劣 的动作! 你真的认为你能用这样的动作打败我吗？ @哈!\"@",
		"\"#g很好! 你已经 #y证明了你的价值， 攀登者。 这个 #g奖励 是给你这样的麻烦准备的。 祝你在冒险中好运!\"",
		"#g@\"好极了!\"@ NL 骑士对你的技术印象深刻。 NL \"我从没见过这样的 #y~神技~， 犹如 #b@上帝一般!@  这个 #g小饰品 作为刚才你的表演的奖品!\" NL 他递给你一些东西，走到一边让你过去。",
		"\"不想打架，是吗？我不能怪你-可能一整天都在打架，到处都是蚊子。很好，下面该 #b提问 了！\"",
		"\"下列哪一个 #r没有 #y人工制品 ?\"",
		"\"下列哪一个是 #y最高级 的 ?\""
		
	],
	"OPTIONS": [
		"[证明力量] #y战斗 试练。",
		"[证明敏捷] #y舞技 试练。",
		"[证明集中] #y问题 试练",
		"[继续]",
		"[守护者]",
		"[铜制圆球]",
		"[圆球行者]",
		"[大脑袋]",
		"[哨兵]",
		"[圆球守护者]",
		"[铜制机械人偶]",
		"[甜圈]",
		"[]"
	]
  }
}