[
	{
		"NAMES": [
			"坏死"
		],
		"DESCRIPTION": "一种威力强大的毒药，每回合造成2点伤害，但不会持续太久。"
	},
	{
		"NAMES": [
			"晶体"
		],
		"DESCRIPTION": "充能球: 给予临近的充能球 #b+2 点 #y集中。 当 #y激发 时，  如果你充能球栏位少于 #b3 个时, 获得一个充能球栏位。 NL #y被动 不受到 #y集中 的影响。"
	},
	{
		"NAMES": [
			"狱炎"
		],
		"DESCRIPTION": "充能球: 你的回合开始时， 本回合获得 #b+2 点 #y力量 。 NL 当 #y激发 时， 对随机一名敌人给予 #y易伤 。"
	},
	{
		"NAMES": [
			"玻璃"
		],
		"DESCRIPTION": "充能球: 没有 #y被动 效果。 当 #y激发 时， 你的充能球栏位大于 #b3 个时， 耗竭你最左侧的充能球栏位并 #y激发 所在的充能球。"
	},
	{
		"NAMES": [
			"反射"
		],
		"DESCRIPTION": "每回合减少 1 层， 到 0 时移除。 NL 完全挡下的攻击反射给攻击者。"
	},
	{
		"NAMES": [
			"护盾"
		],
		"DESCRIPTION": "一种在每回合结束时不会丢失的备用 #y格挡 形式。"
	},
	{
		"NAMES": [
			"乏力"
		],
		"DESCRIPTION": "每回合减少 #b1 层，每有一层，造成的 #y攻击 伤害降低 1 点。"
	},
	{
		"NAMES": [
			"回火"
		],
		"DESCRIPTION": "#y状态 : 当被抽到时，给予 #b1 层 #y易伤 。 NL 造成 #b6 点伤害，在回合结束时 消耗 。"
	},
	{
		"NAMES": [
			"魔力火花"
		],
		"DESCRIPTION": "充能球: 在你的回合开始时， 获得 #b3 点 #y充能 。  NL 当被 #y激发 时，获得 [e] 和 #b5 点  #y充能 。"
	},
	{
		"NAMES": [
			"衰老"
		],
		"DESCRIPTION": "每回合减少 #b1 层，每有一层，受到的 #y攻击 伤害增加 1 点。"
	}
]