{
  "Light": {
    "DESCRIPTION": [
      "#y被动 ：回合结束时，恢复 #b",
      "点生命。 NL #y激发 ：获得 #b",
      " 层 #y再生 。"
    ],
    "NAME": "圣光"
  },
  "Crystal": {
    "DESCRIPTION": [
      "#y被动 : 相邻的充能球拥有 #b+",
      " 点 #y集中 。 NL #y激发 ：如果你拥有少于 #b",
      " 个充能球栏位， 获得一个充能球栏位。 NL #y被动效果不受 #y集中 影响。"
    ],
    "NAME": "晶体"
  },
  "Glass": {
    "DESCRIPTION": [
      "#y被动 ：没有效果。",
      " NL #y激发 ：如果你拥有超过 #b",
	  " 个充能球栏位，耗竭你最左侧的充能球栏位并 #y激发 其所在的非玻璃。",
      "#y被动： 在你的回合结束时，获得 #b",
	  " 层 #y反射 。"
    ],
    "NAME": "玻璃"
  },
  "Hellfire": {
    "DESCRIPTION": [
      "#y被动 ： 你的回合开始时， 本回合获得 #b",
      " 点 #y力量 。 NL #y激发 : 本回合获得 #b",
      " 点 #y力量 并给予随机一名敌人 #y易伤 #b",
	  " 次。"
    ],
    "NAME": "狱炎"
  },
  "Acid": {
    "DESCRIPTION": [
      "#y被动 : 在回合开始时， 给予随机一名敌人 #b",
      " 层 #y中毒 。 NL #y激发 : 将所有的 #y中毒 替换为 #y坏死中毒。 "
    ],
    "NAME": "毒酸"
  },
  "ManaSpark": {
    "DESCRIPTION": [
      "#y被动 : 你的回合开始时，获得 #b",
      " 点 #y蓄力 。 NL #y激发 ：获得 [E] 和 #b",
      " 点 #y蓄力 。"
    ],
    "NAME": "魔力火花"
  }
}
